Entity ID,vendor_code,remote_id,Branch Name,Integration Name,Chain ID,Chain Name,Delivery Type,Orders,Country
TB_AE,686221,b7691dbcbb22f6a348e11dc153fb13e7cf7a07071847e771629918951e7da11f198903918c737036789f65e9ae78055b,"AL BAIK, Ajman City Center",Tlbt-Posist,636322,ALBAIK,OWN_DELIVERY,,UAE
TB_AE,658411,ded804cbac7ec0d7645b8c0f09ca44cc12022bab33552b5e2b5009f5b48b40a5b5e736b33809c5339545f7b3bf79ec22,ALBAIK Downtown Burj Khalifa,Tlbt-Posist,636322,ALBAIK,OWN_DELIVERY,,UAE
TB_AE,687465,d3274727b4a67bb4817c9d2d8cef0a6bb2ef8ff90b19defa860750f0d9f27e7dd68a8a60ae92c8a2e2e9e5d83f525eae,"ALBAIK, Al Majaz 1",Tlbt-Posist,642835,ALBAIK,OWN_DELIVERY,,UAE
TB_AE,702695,86880e6ed6bde685a80798bddfc73656998bf9826ede46be70431f8c929aee9a7b4eacf29382ac59e40714011859796e,"ALBAIK, Al Nahda ",Tlbt-Posist,642835,ALBAIK,OWN_DELIVERY,,UAE
TB_AE,710216,a1818b1965f481c2cb0994757e2d656103d1d855652084bd4c17c53f67ed635151e919d708f9a2d5fbb8c52bb82f2b9e,"ALBAIK, Al Satwa",Tlbt-Posist,642835,ALBAIK,OWN_DELIVERY,,UAE
TB_AE,751586,50aa3d348cf4a515e6512466d1bd93fd1a9d32c6f4e08491d69db267c362703eda41db51a817cc698ececed062fca748,"ALBAIK, Kenz Hypermarket, Al Hamidiya 1",Tlbt-Posist,690088,ALBAIK,OWN_DELIVERY,,UAE
TB_AE,728262,b3504dc97e85dd6bcbb2821918383edf1efc637c9476ce7ea75aeac7b0d2c0ed689b907167de4f4bcaf43dd0380f564a,"Al Baik, ADNOC, Al Muhaisnah",Tlbt-Posist,636322,ALBAIK,OWN_DELIVERY,,UAE
TB_AE,766554,b2ad3015a0568786e5a13ac5caa2fed0d94488be471485a9d192c8f5e0fadb55fa10ab809ba182a2245fb39d00dafe9e,"Al Baik, Ajman City Life, Al Tallah 1",Tlbt-Posist,636322,ALBAIK,OWN_DELIVERY,,UAE
TB_AE,714122,946878956a14e848f7935eba6b51d3408abdf5732dca8cb13d3b66c7d86dd1f72a1bc78a00c1ae3d21d2d92d1d04c1f7,"Al Baik, Al Ain Mall",Tlbt-Posist,636322,ALBAIK,OWN_DELIVERY,,UAE
TB_AE,674306,310a72f95999f487a9ffa907dc84a75af19d98951ff6c2df1a6fa6aea086c278eb049a1444e8ba61ad4e9d4045cbc9a6,"Al Baik, Al Barsha 1",Tlbt-Posist,636322,ALBAIK,OWN_DELIVERY,,UAE
TB_AE,756000,c899c5acf8c46a3dc768e46b2d4e8adf46e51fac1c96003cd5fdddfc5141b32f1e74f6beeb8230af5bb2a828377ce2a8,"Al Baik, Al Hamdan,Al Markaziyah",Tlbt-Posist,690088,ALBAIK,OWN_DELIVERY,,UAE
TB_AE,734819,ad0f73d167824aaf9f9c4495e028759165ec6b2e3d4975fd04b531fe5cc4ea9bf9f33c8cd043b4b9bacf209c3f1d6ccd,"Al Baik, Al Karama",Tlbt-Posist,636322,ALBAIK,OWN_DELIVERY,,UAE
TB_AE,764532,wronglyonboarded,"Al Baik, Al Nasserya",Tlbt-Posist,636322,ALBAIK,OWN_DELIVERY,,UAE
TB_AE,764852,c060e4367f813c2f9f664cbac45e557d69f486e2d577f50437330f599a543a9663d3cbc26e24cedc20bd7062f14eae50,"Al Baik, Al Nasserya",Tlbt-Posist,690088,ALBAIK,OWN_DELIVERY,,UAE
TB_AE,706029,a5c39b550135c6c70cb4987d97a5fef28b77c8c567710bfc41fd0ff63d007d0d488655c9a475e722328c39791dcb3d2c1f83d173c4f8463eaf93b8dbac488a1f,"Al Baik, Al Rashidiya",Tlbt-Posist,642835,ALBAIK,OWN_DELIVERY,,UAE
TB_AE,694100,4ef9173683cdd12d15a0960c01192847edb67754e35a4404441eaacfa009170c375e1966816de06c2e8c7d27886ba229,"Al Baik, Al Wahdah Mall, Al Wahdah",Tlbt-Posist,636322,ALBAIK,OWN_DELIVERY,,UAE
TB_AE,772434,a64bed20f3de47fa63d3adfac360b8ef1797225701e15697e7c351d4c8fe93d19f20ad6998c461e33aaffbe7ec991471,"Al Baik, Al Warqa",Tlbt-Posist,642835,ALBAIK,OWN_DELIVERY,,UAE
TB_AE,769351,ce07f35ddf3283feebf11c935a20a5ec20a27350e1cb157ef87308a6ce01aaf0c348de2076b1ac6140eb20ac9c03fbc9,"Al Baik, Bawabat Al Sharq Mall",Tlbt-Posist,642835,ALBAIK,OWN_DELIVERY,,UAE
TB_AE,716696,afbdb26e48a4952b50ee83835ef34f0b4e1a13dc258a38b7e5f28c8de5c381ecf55ceaf9fe3a95e423ba827963738772,"Al Baik, Dalma Mall, Mussafah",Tlbt-Posist,636322,ALBAIK,OWN_DELIVERY,,UAE
TB_AE,724527,90d377a9ffa9ac2a9296ec0c8a0d258c5ab6d789f90daa7ab80f485131e2b1fcbbd3c58ac7f3ec253bde8264d1b5e8aa,"Al Baik, Dubai Hills, Dubai",Tlbt-Posist,636322,ALBAIK,OWN_DELIVERY,,UAE
TB_AE,734982,4619111215e80ed541ce52379596f6244452f42ca134e2dd08cbbcd0cd491bfe59cdd47c9ae8b7e02ae3244d9e7fbbe0,"Al Baik, Dubai Silicon Oasis",Tlbt-Posist,636322,ALBAIK,OWN_DELIVERY,,UAE
TB_AE,737494,631c3756f3c724d089edf02951a3e80b0752dd971e0b11288ca693b522ac3148378e431f77a541824b4ef5706f7a110f,"Al Baik, Ghurair, Al Rigga",Tlbt-Posist,636322,ALBAIK,OWN_DELIVERY,,UAE
TB_AE,740240,e889ce2e57620f40750bff405703089bdc7608908cc105a5894f32e879595085b508979c9a91d88daefa2985a35e97cd,"Al Baik, Manar Mall, Dafan Al Nakheel	",Tlbt-Posist,636322,ALBAIK,OWN_DELIVERY,,UAE
TB_AE,770653,39dfb8cbbc8b846a4d856fc126e1cd40855bd055c464c2f11ff2b81efd1d3c39ef115ac56f379d73666875793094abb4,"Al Baik, Sahara",Tlbt-Posist,690088,ALBAIK,OWN_DELIVERY,,UAE
TB_AE,687329,df9f69f5ea2ec0448879307e7c0f9ff8f9beffb6623000fb4803d97adca5850df0bece230c1fc20588e8bc10518a0090,"Al Baik, Sharjah City Center",Tlbt-Posist,636322,ALBAIK,OWN_DELIVERY,,UAE
TB_AE,749070,3a3757981c909327667e4a96f16cd1cb35a6cff730098ab6cbc504a93880958d606ebaa91cf61df8951b397577cb77fb,"Al Baik, Umm Al Quwain Mall, Latin",Tlbt-Posist,636322,ALBAIK,OWN_DELIVERY,,UAE
TB_AE,750374,70771cffa212d90e4327e5d5e4de418669e66b36f3c3f569695e011461823fb80c3c9543b2579cc90ef5e883426cdcf0,"Al Baik, Zahia City Center, Muwaileh Commercial",Tlbt-Posist,636322,ALBAIK,OWN_DELIVERY,,UAE
TB_AE,766644,564400e3a26e77185cac0f09a6346401e75545f98fff52f6a62702f8d0ebfaf935ea9ba4c885758e4d3cae6c17bd707d,"Al Baik,Food truck, Al Samhah",Tlbt-Posist,690088,ALBAIK,OWN_DELIVERY,,UAE
TB_AE,668854,759db000a9bebfc81af1cf5f35ca8e1d7b6c886831e128a920cff34ca0555c2e725b5e800e119b6a3dd543173f576721,"Albaik, Expo",Tlbt-Posist,642835,ALBAIK,OWN_DELIVERY,,UAE
TB_AE,8941,54de8141d25e386b4032bb33aa77a96736ddc9b6f222075ed342ef251d91330a61c6b4eb7aff6302bbfdcf75bdb2256a,"Asian 5 Restaurant, Dubai Airport Freezone",Tlbt-Posist,4424,Asian5,OWN_DELIVERY,,UAE
TB_AE,760492,5e610ac25af3b724ee439c32fd1a581d6553779e85e5cd37b7eaf6435fb6337c8785fc7816f2b17e88b69d3b6c729090,"Baskin Robbins, SZR, Dubai World Trade Center - DWTC",Tlbt-Posist,695310,Baskin Robbins,OWN_DELIVERY,,UAE
TB_AE,29729,d24e043e9f32a38bebe4836d406b676f8a64f30ecf70130de3d6b1b2b58522de82d04ff82a769ea732f76dbac7a06d7c,"Cafe Bateel, Al Barsha 1",Tlbt-Posist,1865,Cafe Bateel,OWN_DELIVERY,,UAE
TB_AE,29753,f5a819f7165f5f3be63b16dbc277dfc98e21a71f7c823217ef7a85dcffc0b9291b43c2933b4a6b1aa48f93a7157d360c,"Cafe Bateel, Arabian Ranches",Tlbt-Posist,1865,Cafe Bateel,OWN_DELIVERY,,UAE
TB_AE,29730,bc73666170aa34a04cf28787b7c61181315cccc48042befc9ac8d121e6a38e926dbfb3fdaa3964069d74d2082bee07e8,"Cafe Bateel, Cornishe Road, Al Khubeirah",Tlbt-Posist,1865,Cafe Bateel,OWN_DELIVERY,,UAE
TB_AE,624778,7a44b5c4bf863e26986a5e1f343bc9efe02b5c395192c0fb0dc976cd411f6b31be7c83b2cfb3740c89162b9b3b755815,"Cafe Bateel, DIFC",Tlbt-Posist,1865,Cafe Bateel,OWN_DELIVERY,,UAE
TB_AE,673745,c43b49a168bfe94f00fc72527792b7a09675d188d6981494c3d811ca5dce314a96f531a81b835953a88747fa5e48f405,"Cafe Bateel, Dubai Hills Mall,Dubai Hills",Tlbt-Posist,1865,Cafe Bateel,OWN_DELIVERY,,UAE
TB_AE,625165,487c5308b153ca0129afc913aefca4e25bd007a45fd7d0937f9dc851deaff056567cdc4a650002fa10b04a3591a89f1c,"Cafe Bateel, Dubai Internet City - DIC",Tlbt-Posist,1865,Cafe Bateel,OWN_DELIVERY,,UAE
TB_AE,29731,0f29dae1a88fdec73d9280ea763e75fd6960f7a0e5bedc1b6fdd0735cdf7457a546aaf19f92ef51919630c98f00fa4c8,"Cafe Bateel, Dubai Mall,Downtown Burj Khalifa",Tlbt-Posist,1865,Cafe Bateel,OWN_DELIVERY,,UAE
TB_AE,16595,0a563ca4615ae385c393e22e848dd63213bf7b45698c7e1e03db02f440cd6d7073d5db23766d8cb865173228591d3263,"Cafe Bateel, Dubai Marina",Tlbt-Posist,8581,Cafe Bateel,OWN_DELIVERY,,UAE
TB_AE,625166,e7a1469442726265b1d359b6795315ab9e8b5b51222898015edcb04a60545bcdf78da9bc2cc2359652ea2b4c7ff29d58,"Cafe Bateel, Jumeirah 1",Tlbt-Posist,1865,Cafe Bateel,OWN_DELIVERY,,UAE
TB_AE,29754,1c25c9ef9c4a64080abe60fa64780a15f93a610c79044db0e10fa5e510f972ecdca15d28b9efe4f30c97fdab3519248b,"Cafe Bateel, Mirdif",Tlbt-Posist,1865,Cafe Bateel,OWN_DELIVERY,,UAE
TB_AE,44783,47399247fcda98f9a21b1fc6afb7fe78653b4bc89659e527e72f5667f03afbffe76f7f2fe861357a1000372dc4d7267e,"Cafe Bateel, Palm Jumeirah Mall",Tlbt-Posist,1865,Cafe Bateel,OWN_DELIVERY,,UAE
TB_AE,714771,031f453a4e5c4df446895066090b4b29e75a895f1fff8fc4628688e9d799e7e62ff907634d0a561b21bd7ab869b8270c,"Cafe Bateel, Reem Mall, Reem Island",Tlbt-Posist,1865,Cafe Bateel,OWN_DELIVERY,,UAE
TB_AE,750965,feb98ab2b22ed73b26814cfc77d0954dc70a2d61f1ce5e41c834933724075bad8ed6eb4bb317c7dde7a1f5e8a9130da9,"Cafe Bateel, Za'abeel 1",Tlbt-Posist,1865,Cafe Bateel,OWN_DELIVERY,,UAE
TB_AE,16596,7c5aebdb69d461608d5b44e138d916aa5a9c31be5b791e87c417d02277f31b7eadeb1be2875bab58580d2f8040c794c2,"Cafe Bateel, jumeirah Beach Residence - JBR",Tlbt-Posist,8581,Cafe Bateel,OWN_DELIVERY,,UAE
TB_AE,46153,d8a043078d36cc8df7b8cf41ca307c8817fcea8e2587f6b683e48ef08d34004aa63ba0a4c056889184712777ef601ef1,"Cinnabon, Abu Dhabi Mall, Tourist Club Area (Al Zahiya)",Tlbt-Posist,25817,Cinnabon,OWN_DELIVERY,,UAE
TB_AE,45972,b90360040ba69318e3f3c8ab47dffae6882033fd951ed5164f52aaa0a1921295d823a66f2c09ee1cd362b0f70d2aef4f,"Cinnabon, Abu Shagara",Tlbt-Posist,25817,Cinnabon,OWN_DELIVERY,,UAE
TB_AE,45965,0eb24d15604cd6db55ce8844e60cd2cb64599cde71cd10b5db6a57f9c37f6e463e26459d2152eb3e9482b6d83aed7c78,"Cinnabon, Ajman City Center",Tlbt-Posist,25817,Cinnabon,OWN_DELIVERY,,UAE
TB_AE,45966,e6bda72b53c9f7bc167a5b9bc170e80e3d54d501fb4410b813629ef6958e7436e1956f894bc599e49673c9e71d9a8135,"Cinnabon, Al Ain Mall",Tlbt-Posist,25817,Cinnabon,OWN_DELIVERY,,UAE
TB_AE,45974,49e819b6c8b915e8b19aa5423d47f5adda6b13f7e4b287fdaca80baeabc7d2156bb76ed13c92c4ab1edf81675b139bae,"Cinnabon, Al Barsha 1 Mall of the Emirates",Tlbt-Posist,25817,Cinnabon,OWN_DELIVERY,,UAE
TB_AE,674274,fcf0bbc508e1082b1330ea446cdc298313c7b6dead633f49e3abb3578e5b703670b0f9a6f7028f6a45c356ef9ab63259,"Cinnabon, Al Barsha Mall",Tlbt-Posist,25817,Cinnabon,OWN_DELIVERY,,UAE
TB_AE,682371,4daaa5237d9ca27dfe731ecf27a4387b905b977e94353fafb9238028933179d613806e6dd1891647062062a218cb3b0c,"Cinnabon, Al Forsan Mall, Al Forsan Village",Tlbt-Posist,25817,Cinnabon,OWN_DELIVERY,,UAE
TB_AE,769648,235a01b6800b4c4f002c53cc919257451eab26272eaf0b353bec9b6b6e209e493deb5058ef65f5e40689211c6fd9678f,"Cinnabon, Al Jimi",Tlbt-Posist,25817,Cinnabon,OWN_DELIVERY,,UAE
TB_AE,46445,691fc38c2f10930f278dddb0df21d01ba8de2698f2a24240440c0a1189583c4ee056328bfc662f4dca82bfd266747238,"Cinnabon, Al Khalidiyah",Tlbt-Posist,25817,Cinnabon,OWN_DELIVERY,,UAE
TB_AE,45980,9df629a39986605bb9ee4487833740e09eccefebf324e68d5c5417327820fdb6e26504a74b22263497076a1549ac372b,"Cinnabon, Al Manhal - Al Wahda Mall",Tlbt-Posist,25817,Cinnabon,OWN_DELIVERY,,UAE
TB_AE,46157,75df068367d4c6226bedbea505d323d06213b6425dae5b4fefcb01b4fbdf3106481e418fd4e7626939ef10550c102504,"Cinnabon, Al Mina",Tlbt-Posist,25817,Cinnabon,OWN_DELIVERY,,UAE
TB_AE,46151,81f1aa47f3c40b33018642fb28d3f4b8f34dfac71de06b8ba5ebef2a3811e4d8fbc6302186687394ef2b894d8badd728,"Cinnabon, Al Mushrif Mall ,Al Mushrif",Tlbt-Posist,25817,Cinnabon,OWN_DELIVERY,,UAE
TB_AE,45967,12540adb1c29ef96856de51b560a943932213d82cabe0191a6a8fc7f4645438969fe79553ecf44c96dab496d79b22eb8,"Cinnabon, Al Nahda - Sahara Centre",Tlbt-Posist,25817,Cinnabon,OWN_DELIVERY,,UAE
TB_AE,704111,e633e45d2679b5d1b15a853a91b0d0b9a768a93b3d3b50edd15cf58b1b42f2fb23d49346cd90e822523fd606d02a577b,"Cinnabon, Al Rahmania",Tlbt-Posist,25817,Cinnabon,OWN_DELIVERY,,UAE
TB_AE,46150,10830f9a06079a96d02c784b1f00aad55b1e74aef101de0363cf03f8ecd49ea186a512106aae6dbb92e4674841b7f50a,"Cinnabon, Al Rigga Ghurair Center",Tlbt-Posist,25817,Cinnabon,OWN_DELIVERY,,UAE
TB_AE,640459,ff367e85d91e0e27dc4b6fff62ac3f96ffe1c2ec7929858803d4242238dfded9ab284927dd8090e1e2ebd0d9b8f072bf,"Cinnabon, Al Zahia",Tlbt-Posist,25817,Cinnabon,OWN_DELIVERY,,UAE
TB_AE,704502,1687df968c6adfa1d20c0f7ca2ef9106f6a9a78b01b56f05802f76c2208e9aba1c73a90b913287d61ecf7f82d0fe682d,"Cinnabon, Avenue mall Dubai, Nad Al Hamar",Tlbt-Posist,25817,Cinnabon,OWN_DELIVERY,,UAE
TB_AE,45977,310ffe4651c10fe62f816c1ab4702d1ffc21551733ea9a74d73ab2a565e9320c17126ed2a321a0ead06461bc4a692ab4,"Cinnabon, Bawabat Al Sharq",Tlbt-Posist,25817,Cinnabon,OWN_DELIVERY,,UAE
TB_AE,46302,5b91e1f58d5a1eb8160dd7455174edea966bcb557f73134b19ea09c8b95cd0b6d25776cd8115d032a1f4de07e2f55acd,"Cinnabon, Bawadi Mall",Tlbt-Posist,25817,Cinnabon,OWN_DELIVERY,,UAE
TB_AE,46300,40c88bf73a1ff39ee4a244709fa7b477364cee6ebe543212927197ee3570384651db005dcf80f82135aa7ef3bccc004b,"Cinnabon, Boutik Mall- Remal Mall",Tlbt-Posist,25817,Cinnabon,OWN_DELIVERY,,UAE
TB_AE,740041,e2baae7263d87b127a564bdeb5e53c75d55140369c9f42bcb039888f1e644b3f9c343065b5c620c1c09a6550b78baf25,"Cinnabon, Capital Mall, Mohammed Bin Zayed City",Tlbt-Posist,25817,Cinnabon,OWN_DELIVERY,,UAE
TB_AE,45976,5bdde28ed4432573585006477dc92fedc3b89156686dd34d6b457a413ab667cd776204a476674becb36b741ff8137f87,"Cinnabon, Carrefour -Capital Center",Tlbt-Posist,25817,Cinnabon,OWN_DELIVERY,,UAE
TB_AE,46451,8f332b1bc26347070fd29ba9a6cae0be6675634b4742e103626119fc5d71eb90c596f272c3407962fa2a0465a2d196b6,"Cinnabon, Corniche",Tlbt-Posist,25817,Cinnabon,OWN_DELIVERY,,UAE
TB_AE,706912,231a1a6db269e0d0b9c84009627e2e219bce9df27b0ffff6c4b1293ff00ffc31b18c4127ddbfc35d380367024c2d8862,"Cinnabon, Deerfield Mall, Abu Dhabi,Al Bahya",Tlbt-Posist,25817,Cinnabon,OWN_DELIVERY,,UAE
TB_AE,46154,ab13432fb8d806c80ed0bcb4593090acdbc47631813caf1ec57950420e8f12a378722ebc90be77b9b1f58a381e623b66,"Cinnabon, Deira City Centre",Tlbt-Posist,25817,Cinnabon,OWN_DELIVERY,,UAE
TB_AE,45968,1490d8ec5ace8552f0c76138358a3d2da5a9fc8917364f6e113ba68d8ceb2869b8fb0c7689dfde43036ee323c6311563,"Cinnabon, Dubai Festival City",Tlbt-Posist,25817,Cinnabon,OWN_DELIVERY,,UAE
TB_AE,695769,a9f2966b65a874e94a85309f1d4f8fb3babff714cdbd5232fd62a048787a532b6a3900b1c0b7144ea10270da63951824,"Cinnabon, Dubai Hills",Tlbt-Posist,25817,Cinnabon,OWN_DELIVERY,,UAE
TB_AE,45973,9d0cb45c8fdb162633b924df806af1abfc59041ce3848ec0eab19c798df381ff6a41b26fbe209f8f97d4b30d6da137f1,"Cinnabon, Dubai Mall",Tlbt-Posist,25817,Cinnabon,OWN_DELIVERY,,UAE
TB_AE,46443,cbcef1fe6b7571e55797d7537e302f25490aa99a407a1c440b677a7cf3fa4d3a2a62970db295fbd16f71ad03504b3066,"Cinnabon, Dubai Marina",Tlbt-Posist,25817,Cinnabon,OWN_DELIVERY,,UAE
TB_AE,45964,cd7c3f139d92fc5434020be26c09b3d709648ec8c8eefc60ee780f323b2ec494cf156033f6d14d40d64163e42b4bca52,"Cinnabon, Dubai Media City",Tlbt-Posist,25817,Cinnabon,OWN_DELIVERY,,UAE
TB_AE,739216,69268999cd24692f8455c103f477cae469c5003c0a9c0bc1f509b14cde64447b3053b89c97e644831c8990d380ed6fa0,"Cinnabon, Galleria Mall, Al Maryah Island",Tlbt-Posist,25817,Cinnabon,OWN_DELIVERY,,UAE
TB_AE,46020,fdb3b0a79b2aa97d891561a595e68e09f6a901e84e017d61b2d8b93ce3452dedc103a4003f28644d73e7b2cf0d979252,"Cinnabon, Grand Mosque",Tlbt-Posist,25817,Cinnabon,OWN_DELIVERY,,UAE
TB_AE,46158,7dd1c19cfc34da1cffdf9a35252748b82dd996da94934209d85a76a9a47583c7975f44a24646c6752f47bec5de0e435a,"Cinnabon, Ibn Batutta Mall",Tlbt-Posist,25817,Cinnabon,OWN_DELIVERY,,UAE
TB_AE,740042,e06307f3d1fc933346279de948605fd48a8f3e3b07b9dde5e449d12333da6a400d064118bb8d975ab9b40b531a3781ff,"Cinnabon, Makani Al Shamkha",Tlbt-Posist,25817,Cinnabon,OWN_DELIVERY,,UAE
TB_AE,45969,e0106c7def8681d0df0f9141b96c0f6a8ec39cfed3817a2655e11a4da79364bae9cbebbbeceea5f3dc7657702f576f98,"Cinnabon, Masdar City",Tlbt-Posist,25817,Cinnabon,OWN_DELIVERY,,UAE
TB_AE,45975,0ab5b69458761c9fec41dbce606f91d34c0b765f91cd896f33f72ffe2c9f6d909773146ee13ebbc5ee7d956341f11a56,"Cinnabon, Matajer",Tlbt-Posist,25817,Cinnabon,OWN_DELIVERY,,UAE
TB_AE,46156,6d662baa4145461463ab9fa603edad431bb3e125ad732e910b618f0eb40355f11dce72cafcaafd9cb4878a105482b273,"Cinnabon, Mercato, Jumeirah 1",Tlbt-Posist,25817,Cinnabon,OWN_DELIVERY,,UAE
TB_AE,45970,c63e85a989089a8f37e0704c55b3b2adab92d9205a905d34a3aac2189ce47ec099a5833864a4b1f0000705235a5cf8a5,"Cinnabon, Mirdif",Tlbt-Posist,25817,Cinnabon,OWN_DELIVERY,,UAE
TB_AE,682374,3d3acff7f028b5cbafb90333abedfa8faffc37ba6e0c0b4dec98f4c00668651b533541f9c57bf3f26d4abc2cb5e039cf,"Cinnabon, Mirdif Hills Avenue Mall",Tlbt-Posist,25817,Cinnabon,OWN_DELIVERY,,UAE
TB_AE,665865,278d22415aa71a6018eb346fc7c143f685eaf3b60df85ec9e953c4b96374f70099691b8fd0267258eebfd7e8e75293bc,"Cinnabon, Motor City",Tlbt-Posist,25817,Cinnabon,OWN_DELIVERY,,UAE
TB_AE,45979,2694188319c0530c79060f2e5578e53cb339748c291a6a081a719bf87faeda4cbe12021934ce5c933c7ad5b2422f0860,"Cinnabon, Souk Madinat",Tlbt-Posist,25817,Cinnabon,OWN_DELIVERY,,UAE
TB_AE,46450,6f0c550e995b42e221cbe6c92c8deff5642d7c18afbb32c767f318565d0bc56aae1d7a9479411a6209049a0f23a33f5a,"Cinnabon, WTC - Abu Dhabi, Madinat Zayed",Tlbt-Posist,25817,Cinnabon,OWN_DELIVERY,,UAE
TB_AE,45971,4f162fbb44ffe5b818eed044cb85ccfc782ab3034cca6d986b721c2b12d89a59e20e8ba32c818be042a744c166406912,"Cinnabon, Yas Island",Tlbt-Posist,25817,Cinnabon,OWN_DELIVERY,,UAE
TB_AE,682370,8d3948de206f1051e99b69faf71e99f697a15e8bab0c5411bb93b2d0db4a395effdcc67054d7bfdbcca2fb0e059c35ab,"Cinnabon, business bay,Business Bay",Tlbt-Posist,25817,Cinnabon,OWN_DELIVERY,,UAE
TB_AE,770035,cbc4231fdb96c50b34d8e72d069de96d455ce640364491708d3b976710a22813398d9b30648a83adf4fe59a3a410505b,"Comboz, Discovery Gardens",Tlbt-Posist,700586,Comboz,OWN_DELIVERY,,UAE
TB_AE,760691,bd50d04734945bc4ee3995fca7629fd96dd5d8c890d7a078df768fe37637f99ebcd9b9460fa99e58b6c747b93f7ab8ad,"Cool Mood, Dubai World Trade Center - DWTC",Tlbt-Posist,695432,Cool Mood,OWN_DELIVERY,,UAE
TB_AE,23234,eb3d9dae3501cddb17f4c8ac176342a0891a85168a430555ab3b12405ce605a88dfaf7a2023b9abbdfcc83d896063b39,"Denny's, Al Safa",Tlbt-Posist,12249,Denny's,OWN_DELIVERY,,UAE
TB_AE,23236,829be5502b31469ca6148987be6d174b0c07b41f7a49312dac4523a999e3f87999368cb87fddf9d7d1558f0ed9b4a4fc,"Denny's, Corniche Deira",Tlbt-Posist,12249,Denny's,OWN_DELIVERY,,UAE
TB_AE,35237,acd7e90bdbc396301c375f2db391c247ef3530414fd60d7df9d6622640e8ea89eda71430acdc2d05c6a17a9f42ea9e7d,"Denny's, Deira, Port Saeed",Tlbt-Posist,12249,Denny's,OWN_DELIVERY,,UAE
TB_AE,43956,4e783db7c0c8387d14a24881dea766d1f9019c50be81c44498f7c95462f35d37cc4a59dc368261c60b3437e94d322c88,"Denny's, Jebel Ali 1",Tlbt-Posist,12249,Denny's,OWN_DELIVERY,,UAE
TB_AE,23246,bfdcbbd040e7ca42ddf4932022d0ed28f9c5aae73dc5449b1751b8527877de170a135591cde2b2114a4a987d84167cf0,"Denny's, Tourist Club Area (Al Zahiya)",Tlbt-Posist,12238,Denny's,OWN_DELIVERY,,UAE
TB_AE,751846,5c868a0638220f52f14a5e9648c50b3e7dfa49f8ae889df7e8a7c902fcbfe06c68b3310fc318ac152d0dd79b4d44e963,"Derwandi, Al Jimi",Tlbt-Posist,631976,Derwandi,OWN_DELIVERY,,UAE
TB_AE,732989,3854e93979d73f0803259115b25562f49935aed5c4c90f3e2294bee80c016b2d9193cbdb6bc220ee4f487f7acfde56e3,"Derwandi, Al Wasl",Tlbt-Posist,679273,Derwandi,OWN_DELIVERY,,UAE
TB_AE,651436,52302add2db18583c420815b46018dea5d61b26717478064b8413d4dbfdc200140b778740dce178e99eaa14455e45a54,"Derwandi, Reem Island",Tlbt-Posist,631976,Derwandi,OWN_DELIVERY,,UAE
TB_AE,774066,9db34d88e59d2e23fd8f954d49bdd19d2a047980515e0186b6595471e37378d68eefdb225147a23fb5cc65a115b06d34,"Dunkin, Al Zeina (Al Raha)",Tlbt-Posist,703801,Dunkin,OWN_DELIVERY,,UAE
TB_AE,44464,68ca273dcd7df657e23adaeeea9c81b1c44722ec94132a686d9e0ca598c1dc72de550b8e56c649ed512755e149888b8b,"EETEN- Burgers, Sandwiches & more, Dubai Marina",Tlbt-Posist,24931,"EETEN - Burgers, Sandwiches & more",OWN_DELIVERY,,UAE
TB_AE,756265,41dff9f656b168594b7b2795033041d3081d12262b7ea13b96f15819701404f6daf815d36433f0bd21a471f72219a24d,"Halla Shawarma, Al Nahda,Al Nahda 1",Tlbt-Posist,692741,Halla Shawarma,OWN_DELIVERY,,UAE
TB_AE,764803,77b81ca6ce79e572a326758ec8cdf062e87d7defe1caed63dd77751638310e0b7b1b0c49ce9f281cdbd630e176659fe0,"Halla Shawarma, Aspin Tower SZR, Sheikh Zayed Road",Tlbt-Posist,692741,Halla Shawarma,OWN_DELIVERY,,UAE
TB_AE,23387,91f696225df97afd6561b2ed1b40bb19d79c88261d9c1e1bce4a1ae8e5bbe486f68683085b6c6f4ab534450a506c7868,"JJ Chicken , Discovery Gardens",Tlbt-Posist,1025,JJ Chicken,VENDOR_DELIVERY,,UAE
TB_AE,29688,740c9c1e22933aa701819c0878724630d98742bc2d202f99d08436f68b9a49cda1da4454f4f37845af1864d30a0100aa,"JJ Chicken , Dubai Motor City",Tlbt-Posist,1025,JJ Chicken,VENDOR_DELIVERY,,UAE
TB_AE,1520,e5d9850e15ac9d4bf1287340bdb150ce80f0e063ab30f60d96c1d2a16e551fc8dd213d1846813c0e5112a81425fd9708,"JJ Chicken , Dubai World Trade Center- DWTC",Tlbt-Posist,1025,JJ Chicken,VENDOR_DELIVERY,,UAE
TB_AE,43114,cf5b675b0f71d8f6adda9a6b81a965eb0103b3904b7ae2e9de7b63ac95a4cc51ac12699fd16d769090949bfd66973e28,"JJ Chicken , Kite Beach, Jumeirah 1",Tlbt-Posist,1025,JJ Chicken,OWN_DELIVERY,,UAE
TB_AE,24523,dc1c68830d5192d61734fe72791a38ad3dd2f02d45e50281a6a222621dbc5148e0812376930f5be2555966a60e1649ec,"JJ Chicken , Mirdif",Tlbt-Posist,1025,JJ Chicken,VENDOR_DELIVERY,,UAE
TB_AE,32486,87e857e940965235ddf3d66f4737adcfe2f585ee9780e84b259328680ea0618ca410366be1fd562a45f9c6b0a178b0eb,"JJ Chicken ,AL RAHA MALL",Tlbt-Posist,1025,JJ Chicken,OWN_DELIVERY,,UAE
TB_AE,20331,7fa9f8e5eeeab32725ffe1bfa7b2025a57137b5d8687121efc68c3da1c9f4f9fa592d6dba9e9f4778743208b3ea24dae,"JJ Chicken ,Al Raha Mall",Tlbt-Posist,1025,JJ Chicken,VENDOR_DELIVERY,,UAE
TB_AE,652553,92a3bbfc32a381944395ab6f1c41ad87571f5c2d68ffb8758914abc639a86890c2bf3af99e837cec485ec90f2733b12b,"JJ Chicken Restaurant, Al Hili",Tlbt-Posist,1025,JJ Chicken,OWN_DELIVERY,,UAE
TB_AE,1532,3e27714c6206e399dcbbf0a30a3549a1b1d809628a122948aad49a61a4afd8fbed77cd363a080b1d9d4e3d9aab15a259,"JJ Chicken, Al Barsha",Tlbt-Posist,1025,JJ Chicken,VENDOR_DELIVERY,,UAE
TB_AE,607355,f7cca03431d6377d8845cb61f4f4c28bc603d1ca1557d6ca38abaf303fda11e861eeca9eb93e5e0ccfa43dd7e2a0e25d,"JJ Chicken, Al Barsha 1",Tlbt-Posist,1025,JJ Chicken,OWN_DELIVERY,,UAE
TB_AE,652082,5c868a0638220f52f14a5e9648c50b3e7dfa49f8ae889df7e8a7c902fcbfe06c68b3310fc318ac152d0dd79b4d44e963,"JJ Chicken, Al Jimi",Tlbt-Posist,1025,JJ Chicken,OWN_DELIVERY,,UAE
TB_AE,750069,cf0cc19a1373e3178cbc5351b17a4d46cd4dec1a800444bbab277b48eb6bed2162c7e3aaa11a149119a8abd465a847b7,"JJ Chicken, Breakwater",Tlbt-Posist,1025,JJ Chicken,OWN_DELIVERY,,UAE
TB_AE,766253,66c8a056f0b4de2a4cd65368ea7b164b7732112ad45b941e45ae405bed60c7c7b630c762ad6bfcb454799ae5738893ac,"JJ Chicken, DIFC,Dubai Festival City",Tlbt-Posist,1025,JJ Chicken,OWN_DELIVERY,,UAE
TB_AE,607356,cbc4231fdb96c50b34d8e72d069de96d455ce640364491708d3b976710a22813398d9b30648a83adf4fe59a3a410505b,"JJ Chicken, Discovery Gardens",Tlbt-Posist,1025,JJ Chicken,OWN_DELIVERY,,UAE
TB_AE,739555,c057ef94188d220d8b2972126c2cbea5dfcd4e7cfd9e952b2467d52d60d4ba89c44836f649d6be98e5cf9dc585fa7857,"JJ Chicken, Dubai Mall, Downtown Burj Khalifa",Tlbt-Posist,1025,JJ Chicken,OWN_DELIVERY,,UAE
TB_AE,616442,bdbae472f1b8c1b8b2b4d67bca05997dc091b9d51481a6cac00a11fef538eb3315de08eb7e926af91ab27e29a48c1ead,"JJ Chicken, Dubai Motor City",Tlbt-Posist,1025,JJ Chicken,OWN_DELIVERY,,UAE
TB_AE,627807,2e4382f14b6f7b620b1d2534e11d6ea31e06eac074e1f797f2ee7e1d283f097761ca85f94176a81e3b29ad2e52b9f3cc,"JJ Chicken, Dubai World Trade Center - DWTC",Tlbt-Posist,1025,JJ Chicken,OWN_DELIVERY,,UAE
TB_AE,607290,a912e58145ebe62d63fb53084b78a054b8a7de82e4d33e34d67f39b0a13ba2b4508ec67a11e1a87988a267a4b887a29b,"JJ Chicken, Mirdif,Mirdif",Tlbt-Posist,1025,JJ Chicken,OWN_DELIVERY,,UAE
TB_AE,763399,815be4c1116d9b8f0d2b7e051a1afea668aecca33bd0dc7be85364505252171194edcf4a7ee3dd6ad19907b738953965,"JJ Chicken, Reem Mall",Tlbt-Posist,1025,JJ Chicken,OWN_DELIVERY,,UAE
TB_AE,754452,d68fa6d5c554d687940476306215bc7c8b45a02cfb989f5b4b42c4e90a3b0df559385fd49a0cd37c0f9bf2b752f9a0c9,"Juan Valdez, Al Manhal",Tlbt-Posist,680174,Juan Valdez,OWN_DELIVERY,,UAE
TB_AE,766023,46c959f770166dc338265c5fb3d3c1e6cd498b75d07b7a82a54d15c2c9168c4d8415418418f45046a23e7e0b04bd019e,"Juan Valdez, Downtown Burj Khalifa",Tlbt-Posist,698909,Juan Valdez,OWN_DELIVERY,,UAE
TB_AE,734603,5002162d2174c85ea584955e9602416e556d2bd50e515743e05388431ced0f0ab5c87f01ccb5c75e74d71c98518f58da,"Juan Valdez, Jumeirah 2",Tlbt-Posist,680174,Juan Valdez,OWN_DELIVERY,,UAE
TB_AE,36050,7a516e1d9b5621f7db2f5773284decc3c7707ac73fcd905d9553fe6f39746d3b96f7f97cc34e66bbe1dd9f162343a49a,"Pokai by Sushi Art, Dubai Media City",Tlbt-Posist,20463,Pokai by Sushi Art,OWN_DELIVERY,,UAE
TB_AE,770902,cf0cc19a1373e3178cbc5351b17a4d46cd4dec1a800444bbab277b48eb6bed2162c7e3aaa11a149119a8abd465a847b7,"Qamar Dimaqshi, Al Khalidiyah",Tlbt-Posist,700995,Qamar Dimachqi,OWN_DELIVERY,,UAE
TB_AE,770900,52302add2db18583c420815b46018dea5d61b26717478064b8413d4dbfdc200140b778740dce178e99eaa14455e45a54,"Qamar Dimaqshi, Al Ras Al Akhdar",Tlbt-Posist,700995,Qamar Dimachqi,OWN_DELIVERY,,UAE
TB_AE,770905,bdbae472f1b8c1b8b2b4d67bca05997dc091b9d51481a6cac00a11fef538eb3315de08eb7e926af91ab27e29a48c1ead,"Qamar Dimaqshi, Dubai Motor City",Tlbt-Posist,700995,Qamar Dimachqi,OWN_DELIVERY,,UAE
TB_AE,770906,2e4382f14b6f7b620b1d2534e11d6ea31e06eac074e1f797f2ee7e1d283f097761ca85f94176a81e3b29ad2e52b9f3cc,"Qamar Dimaqshi, Dubai World Trade Center - DWTC",Tlbt-Posist,700995,Qamar Dimachqi,OWN_DELIVERY,,UAE
TB_AE,770904,3854e93979d73f0803259115b25562f49935aed5c4c90f3e2294bee80c016b2d9193cbdb6bc220ee4f487f7acfde56e3,"Qamar Dimaqshi, Jumeirah 2",Tlbt-Posist,700995,Qamar Dimachqi,OWN_DELIVERY,,UAE
TB_AE,625600,f863805b6dd130eb41ed1236772fe3941ec01b39b4a81366adfc2c523e90a8d2808f2ee40b9afbeec4895c88af175088,"WOK BOYZ,Dubai Silicon Oasis",Tlbt-Posist,615872,WOK BOYZ,OWN_DELIVERY,,UAE
TB_AE,770049,f7cca03431d6377d8845cb61f4f4c28bc603d1ca1557d6ca38abaf303fda11e861eeca9eb93e5e0ccfa43dd7e2a0e25d,"Wingoz, Al Barsha 1",Tlbt-Posist,700585,Wingoz,OWN_DELIVERY,,UAE
TB_AE,770051,cf0cc19a1373e3178cbc5351b17a4d46cd4dec1a800444bbab277b48eb6bed2162c7e3aaa11a149119a8abd465a847b7,"Wingoz, Al Khubeirah",Tlbt-Posist,700585,Wingoz,OWN_DELIVERY,,UAE
TB_AE,770050,87e857e940965235ddf3d66f4737adcfe2f585ee9780e84b259328680ea0618ca410366be1fd562a45f9c6b0a178b0eb,"Wingoz, Al Raha",Tlbt-Posist,700585,Wingoz,OWN_DELIVERY,,UAE
TB_AE,770052,bdbae472f1b8c1b8b2b4d67bca05997dc091b9d51481a6cac00a11fef538eb3315de08eb7e926af91ab27e29a48c1ead,"Wingoz, Dubai Motor City",Tlbt-Posist,700585,Wingoz,OWN_DELIVERY,,UAE
TB_AE,770053,2e4382f14b6f7b620b1d2534e11d6ea31e06eac074e1f797f2ee7e1d283f097761ca85f94176a81e3b29ad2e52b9f3cc,"Wingoz, Dubai World Trade Center - DWTC",Tlbt-Posist,700585,Wingoz,OWN_DELIVERY,,UAE
TB_AE,22556,cfc4186597fa12fb1227d2022a98bd1f698947ecb01227fa30024398868a6c6bba2c5aab12bc3f1c0ed15d0a75b952dc,"Wok Boyz , Dubai Internet City - DIC",Tlbt-Posist,11769,WOK BOYZ Restaurant,VENDOR_DELIVERY,,UAE
TB_AE,722125,0a39717e310f98a315c931be082640611f6569991a887b6358bd339a69938db505cd8451bc1cdf136fd9a36a1715aa57,"Wok Boyz Restaurant, Al Nahda",Tlbt-Posist,672956,Wok Boyz Restaurant,OWN_DELIVERY,,UAE
TB_AE,15117,2e1899ac2cb187a68586b869b44de95910820381dd9ad31201faef8d5e588a871a9e0093a6dbd7d9d5986ef1ede64a03,"Wok Boyz Restaurant, Sheikh Zayed Road",Tlbt-Posist,7746,WOK BOYZ Restaurant,VENDOR_DELIVERY,,UAE
TB_AE,29000,00fd6d9532a9259e31e6e6d4b978d3102b6bf8662c78c09f0cce36404fa63fa5a841cbcaa4b58424e74e69a5eee2048c,"Wok Boyz Restaurant, Sheikh Zayed Road,Dubai World Central - DWC",Tlbt-Posist,7746,WOK BOYZ Restaurant,OWN_DELIVERY,,UAE
TB_AE,28928,1d3088ff261ede08d39cd4e7806d5b9de256e2f1bc3e9a4ee309426ee8f05c270d9814f2834c6493884c56ec6b4df17f,"Wok Boyz, Dubai Internet City",Tlbt-Posist,11769,WOK BOYZ Restaurant,OWN_DELIVERY,,UAE
TB_AE,706940,238352096529f9a3c20b9959d0ae0ca22b74feb8018051ece7fd7581da3c1066e3bc212a214370e0b9ad9801b97e95ea,"Wok Boyz, Mirdif",Tlbt-Posist,664152,Wok Boyz,OWN_DELIVERY,,UAE
TB_AE,707338,fb5b9f06d01a6c678ed0b7a7a3bb5e88cc43bdc6675a70ffd0d0870f32e442ac090af724e386964b7ae2b57062fc3c84,"Zaatar W Zeit, Al Jurf 2",Tlbt-Posist,639077,Zaatar w Zeit,OWN_DELIVERY,,UAE
TB_AE,728128,ca47b1a05ac2e403956967af74e010648c6939031fa169aebed065236844e166000ad5f14d7ee827603ee4948560347b,"Zaatar W Zeit, Hessa, Al Barsha 3",Tlbt-Posist,639077,Zaatar w Zeit,OWN_DELIVERY,,UAE
TB_AE,690297,13c1defee5e393009ec2e747fa71051ff6b8e418917989bbcf982838c7c29774972e029c48fa5b3864769fc1e1f8c868,"Zaatar W Zeit, Shakhbout City",Tlbt-Posist,639077,Zaatar w Zeit,OWN_DELIVERY,,UAE
TB_AE,741907,9912751813ede8311d14a23cccf8554b401d6e5ac816db55e295fab946689fb68ffd88939143118257331f139dcff4b1,"Zaatar w Zeit, ADNOC Station Abu Dhabi, Al Mushrif",Tlbt-Posist,7614,Zaatar W Zeit,OWN_DELIVERY,,UAE
TB_AE,709920,fd7350ae2e5bc5d50647410cfea5f46321d01b66326437a5e0f3b16a716634013fcdc045431c28a6120d37a9f4d6cbe5,"Zaatar w Zeit, Al Dhait North",Tlbt-Posist,639077,Zaatar w Zeit,OWN_DELIVERY,,UAE
TB_AE,735474,76f5d51da77e0e0e9a580e7173e394eb473151e25a744295cffb32e1bae88ec82d7b956976213320a4193c1a55397ad4,"Zaatar w Zeit, Al Ghurair Mall, Al Rigga",Tlbt-Posist,7614,Zaatar W Zeit,OWN_DELIVERY,,UAE
TB_AE,727008,c53150b9d58d2cc3da1317d34cbbd771b419a10a8a2b0e36e1e463a50dda8bc7c30f04ad27b894eec6ea3d8843b21bc5,"Zaatar w Zeit, Al Jimi",Tlbt-Posist,639077,Zaatar w Zeit,OWN_DELIVERY,,UAE
TB_AE,636159,0a1d4dc4c80f9b2da999ed054b606d9952af6c1aec842b234beaeb3a0822e356c9699aa8b605344a61df443c13ed6e94,"Zaatar w Zeit, Al Zahia",Tlbt-Posist,7614,Zaatar W Zeit,OWN_DELIVERY,,UAE
TB_AE,678913,dfb079458dc7ea8f449ce1cf919db5c580981e882b304dc39f1c1cbb6617588a91f62b34992d0f8c4453c77e539fd100,"Zaatar w Zeit, Al Zahia,Muwaileh Commercial",Tlbt-Posist,7614,Zaatar W Zeit,VENDOR_DELIVERY,,UAE
TB_AE,626013,72dc031e1aa0b14ddaa6abbdf3b439bee18218fa04b32b1e9c837109c38ba33f53534e17b7554d69d4b47484c37095d0,"Zaatar w Zeit, Barsha Heights - TECOM",Tlbt-Posist,7614,Zaatar W Zeit,OWN_DELIVERY,,UAE
TB_AE,626007,14534d253f63507ce26d784995ddf8dbe9ecbb0ad3a5f4cdc0f052e03c9c031082f82334dee19ddcd2eed8bb6cc7e997,"Zaatar w Zeit, Business Bay",Tlbt-Posist,7614,Zaatar W Zeit,OWN_DELIVERY,,UAE
TB_AE,14960,79afb20357bc7f008440ccc2cd7cc41cb125542be07d154ed8b221576fc822bcdf47751cda7d067e57d555970a72adca,"Zaatar w Zeit, Corniche",Tlbt-Posist,7614,Zaatar W Zeit,VENDOR_DELIVERY,,UAE
TB_AE,631960,f3b0a2a95b73a761159781a7cee1d2907e0fb45348ba54f3a0820b5b57157e42632f3e440314d225750e8a3c5190a979,"Zaatar w Zeit, Corniche",Tlbt-Posist,7614,Zaatar W Zeit,OWN_DELIVERY,,UAE
TB_AE,626014,3192c66007b66cfb31023112fe45e9256c2b93bf35a02931085f284f7079d77f82c04b5305790b32c2b314ddf8669cad,"Zaatar w Zeit, Dubai Festival City",Tlbt-Posist,7614,Zaatar W Zeit,OWN_DELIVERY,,UAE
TB_AE,740739,21778d6ad3805cc10fb61889ea5a47e8bb6005bbaf033a9beeb1125192ed300ba583e45fe320d266bb5dd235354abdfa,"Zaatar w Zeit, Dubai Hills",Tlbt-Posist,7614,Zaatar W Zeit,OWN_DELIVERY,,UAE
TB_AE,723748,1b705ca2f563626fa7cf10d50ff63b60a77a8abad9ee4c596aaab052b97ee72147d156f61b8ac370f963f46355056a42,"Zaatar w Zeit, Dubai Mall, Downtown Burj Khalifa",Tlbt-Posist,7614,Zaatar W Zeit,OWN_DELIVERY,,UAE
TB_AE,626018,df5df60b50bf8ef527020858b1da9fac58a9bbc4e43b51d6d2969c370e6adfb7fe82f7fe929039a12d1a9aaca3809097,"Zaatar w Zeit, Dubai Marina",Tlbt-Posist,7614,Zaatar W Zeit,OWN_DELIVERY,,UAE
TB_AE,626011,6319ef685bd4c0d3e4e452b1b17566577bf30c088a55d448658c0dfee4299c229d06aea5704ecaaeda8d1dd566c9ded7,"Zaatar w Zeit, Dubai Media City",Tlbt-Posist,7614,Zaatar W Zeit,OWN_DELIVERY,,UAE
TB_AE,14966,beb516bc0424af569682b2d61ad098891f94ea415e1e8e798cac603b348a635f62d878846c39ab12e9868b189e84ceb0,"Zaatar w Zeit, Dubai Motor City",Tlbt-Posist,7614,Zaatar W Zeit,OWN_DELIVERY,,UAE
TB_AE,696310,b6397dfb82e1349b63aacd6f0056498c102697831816e8ab2c1fbf408f7aa67c417fd9ee1eefba85b57b573a17fa6161,"Zaatar w Zeit, Dubai Silicon Oasis",Tlbt-Posist,7614,Zaatar W Zeit,OWN_DELIVERY,,UAE
TB_AE,735473,fdc9043da6156ab02e55bfed5db40e063beca275099271e629d0c42fb4624a78d42076af0743ffac8e9676be349a20bc,"Zaatar w Zeit, Galeria Mall Abu Dhabi, Al Maryah Island",Tlbt-Posist,7614,Zaatar W Zeit,OWN_DELIVERY,,UAE
TB_AE,667882,ba145dadc9c36f71eb6662f3453364d9bd275db5b9f16ee14dac9e1ba5445e62412c40b865f64e7d75ee515009647d84,"Zaatar w Zeit, Jabel Ali village",Tlbt-Posist,7614,Zaatar W Zeit,OWN_DELIVERY,,UAE
TB_AE,667883,134feca5490307f559593a12c2d06b031d8aff6714fc9b2748691f3e3948742bbc2e0b2363ae517357cbf8bf40196eff,"Zaatar w Zeit, Jabel Ali village",Tlbt-Posist,7614,Zaatar W Zeit,VENDOR_DELIVERY,,UAE
TB_AE,694311,3c65f1dfb10fa5ae2bae5ef8c211156d9fd3e7233274beac945f4be29fa5f8ca89a16dd227964396d251734ae97158ae,"Zaatar w Zeit, Madinat Khalifa - A",Tlbt-Posist,7614,Zaatar W Zeit,OWN_DELIVERY,,UAE
TB_AE,22958,55790b059b80e5bbcfb8611d2b55f9c1f35a9d72a974c8cbb5c911c3413a6809538177c64793db5f4c19cfe5f7d40ace,"Zaatar w Zeit, Madinat Khalifa A",Tlbt-Posist,7614,Zaatar W Zeit,VENDOR_DELIVERY,,UAE
TB_AE,626017,f0dc2159283ab7d1ecbe10b6b148765aba3bbdbc1d984173c0bca070d6ff2524029ae7c838c049b84308fe7cc90ef039,"Zaatar w Zeit, Mira",Tlbt-Posist,7614,Zaatar W Zeit,OWN_DELIVERY,,UAE
TB_AE,682817,7eb8d6d61691492d8ad0665401158ebd189b9bcf78eb1844fbda7b9439323500b37e88815d317e8f463a3920f4a1c825,"Zaatar w Zeit, Mirdif Hills Avenue Mall",Tlbt-Posist,7614,Zaatar W Zeit,OWN_DELIVERY,,UAE
TB_AE,626015,ba938136966aebe9bc64001f33b3ca88f943bc8b396dca5c23c3977bba87c77578405ec5034073f73846adb1b6f3d89e,"Zaatar w Zeit, My City Centre Masdar, Masdar City",Tlbt-Posist,7614,Zaatar W Zeit,OWN_DELIVERY,,UAE
TB_AE,33617,b5ba37e98d6159fe1418c4b44fb63fa98ed9320d54a408f2a17e1dfe36c6407b4c6a39153350c7ec0cb702d61afdf7f1,"Zaatar w Zeit, My City Centre Masdar, Masdar City - TMP",Tlbt-Posist,7614,Zaatar W Zeit,VENDOR_DELIVERY,,UAE
TB_AE,626008,13cbd145bab36b54527b3fcf2eefc8e72100006869bfa9cd12f1dd9f4f73c101101c71b1b86cd702371ebf7d633cf468,"Zaatar w Zeit, Salam Street",Tlbt-Posist,7614,Zaatar W Zeit,OWN_DELIVERY,,UAE
TB_AE,626019,e72ba25bd44a77daf3a94833a5842f1644a38b0e4518d484bcc1e71cbe52f434c89e8f5c9e03bdd84ef0d9dde2672d8a,"Zaatar w Zeit, Sheikh Zayed Road, Jumeirah 1",Tlbt-Posist,7614,Zaatar W Zeit,OWN_DELIVERY,,UAE
TB_AE,626012,cef1f14abeaad8b0afe1564dd5fb9f5d7d4dceb95af4431a170215786cac195341db4abe0818cacb7c7a45ec4a98b6ac,"Zaatar w Zeit, Springs",Tlbt-Posist,7614,Zaatar W Zeit,OWN_DELIVERY,,UAE
